[{"@type":"mappingTemplate","id":"@1","name":"Rule_Specification_Mapping_Versioning","description":"A simple mapping using rule specification","bundleVersion":"0","templateId":"@3","deployTime":1599077440000,"hasParameters":false,"valid":true,"fixedConnection":true,"hasParametersDeployed":false,"fixedConnectionDeployed":true,"tasks":0,"mappingPreviewFileRecordId":"@2","documentType":"","references":[{"@type":"reference","refObjectId":"@aHXZ2k2MlcPfuRrA2lUsqa","refType":"connection"},{"@type":"reference","refObjectId":"@9AsxxwAxN6FiOfpeY1cfKG","refType":"connection"},{"@type":"reference","refObjectId":"@1j0TL3MwDYSb2ivEyUf5uG","refType":"frsDocument"}]}]