[{"@type":"mappingTemplate","id":"@1","name":"Deduplicate_Mapping_Versioning_2","description":"","bundleVersion":"0","templateId":"@3","deployTime":1598438107000,"hasParameters":false,"valid":true,"fixedConnection":true,"hasParametersDeployed":false,"fixedConnectionDeployed":true,"tasks":0,"mappingPreviewFileRecordId":"@2","documentType":"","references":[{"@type":"reference","refObjectId":"@1hRKlJYW4S5d1dt6CJHh0y","refType":"frsDocument"},{"@type":"reference","refObjectId":"@9fnXHlcNmnbjTPfC3F0ccK","refType":"connection"},{"@type":"reference","refObjectId":"@0IZ1nJKj1NScUYmzKXxAOq","refType":"connection"}]}]