[{"@type":"mappingTemplate","id":"@1","name":"Verifer_Mapping_Versioning","description":"","bundleVersion":"0","templateId":"@3","deployTime":1598593538000,"hasParameters":false,"valid":true,"fixedConnection":true,"hasParametersDeployed":false,"fixedConnectionDeployed":true,"tasks":0,"mappingPreviewFileRecordId":"@2","documentType":"","references":[{"@type":"reference","refObjectId":"@lA6DfXQs5YqiqmmDAz5IEI","refType":"connection"},{"@type":"reference","refObjectId":"@4wdYMau4M2Sj49bKZWYlSy","refType":"connection"},{"@type":"reference","refObjectId":"@axUhTB0PWc2lRPOQhpUz2N","refType":"frsDocument"}]}]