[{"@type":"mappingTemplate","id":"@1","name":"mapping_multiple_vertical_parse_in_CMD","description":"A simple Mapping to check multiple","bundleVersion":"0","templateId":"@3","deployTime":1583479367000,"hasParameters":false,"valid":true,"fixedConnection":true,"hasParametersDeployed":false,"fixedConnectionDeployed":true,"tasks":0,"mappingPreviewFileRecordId":"@2","documentType":"","references":[{"@type":"reference","refObjectId":"@3wu3v2hWwwTbdj8GWd9a2Y","refType":"connection"},{"@type":"reference","refObjectId":"@cjhEYvzOcGBeOuXZzbAScG","refType":"frsDocument"},{"@type":"reference","refObjectId":"@59ytzeRvmsmkg7WSEyHZKs","refType":"frsDocument"},{"@type":"reference","refObjectId":"@hF6kl2btbM2e2VTgENdfyH","refType":"connection"}]}]