[{"@type":"mappingTemplate","id":"@1","name":"mapping_multiple_vertical_parse_in_CMD","description":"A simple Mapping to check multiple","bundleVersion":"0","templateId":"@3","deployTime":1583998288000,"hasParameters":false,"valid":true,"fixedConnection":true,"hasParametersDeployed":false,"fixedConnectionDeployed":true,"tasks":0,"mappingPreviewFileRecordId":"@2","documentType":"","references":[{"@type":"reference","refObjectId":"@b5Kd7Z2inWokj6PdxpWRoO","refType":"connection"},{"@type":"reference","refObjectId":"@hlvMuhrB2okcxPe1Pn3K4l","refType":"frsDocument"},{"@type":"reference","refObjectId":"@84p6C8lYwOYjnTU5i6Ll2o","refType":"frsDocument"},{"@type":"reference","refObjectId":"@kUjL3WakZWykl1SIHFRLap","refType":"connection"}]}]