[{"@type":"mappingTemplate","id":"@1","name":"Cleanse_Mapping_Versioning1","description":"Cleanse mapping","bundleVersion":"0","templateId":"@3","deployTime":1597753990000,"hasParameters":false,"valid":true,"fixedConnection":true,"hasParametersDeployed":false,"fixedConnectionDeployed":true,"tasks":0,"mappingPreviewFileRecordId":"@2","documentType":"","references":[{"@type":"reference","refObjectId":"@6zrsM9dfgXGcMI9o3lIkKg","refType":"frsDocument"},{"@type":"reference","refObjectId":"@8rSktKCzoURlbxej7zhUWX","refType":"connection"},{"@type":"reference","refObjectId":"@aHgcvNwPNNDg5TouqTIn8z","refType":"connection"}]}]