[{"@type":"mappingTemplate","id":"@1","name":"mapping_parse_in_CMD","description":"A simple Mapping to check parse","bundleVersion":"0","templateId":"@3","deployTime":1593006556000,"hasParameters":false,"valid":true,"fixedConnection":true,"hasParametersDeployed":false,"fixedConnectionDeployed":true,"tasks":1,"mappingPreviewFileRecordId":"@2","documentType":"","references":[{"@type":"reference","refObjectId":"@3c9wIr1LTs7hVVXb81A20C","refType":"connection"},{"@type":"reference","refObjectId":"@f8csM5ilcuwjf3v4fIZvck","refType":"frsDocument"},{"@type":"reference","refObjectId":"@6ge9B19R5kGg4fDDMlYuYC","refType":"connection"}]}]