[{"@type":"mappingTemplate","id":"@1","name":"mapping_parse_in_CMD","description":"A simple Mapping to check parse","bundleVersion":"0","templateId":"@3","deployTime":1583214123000,"hasParameters":false,"valid":true,"fixedConnection":true,"hasParametersDeployed":false,"fixedConnectionDeployed":true,"tasks":0,"mappingPreviewFileRecordId":"@2","documentType":"","references":[{"@type":"reference","refObjectId":"@4GvGX0sssXjesICeA3hNSY","refType":"connection"},{"@type":"reference","refObjectId":"@aakBc6DM7xtlkuWetm4e6i","refType":"connection"},{"@type":"reference","refObjectId":"@0vtMlUcY90rjgZdq1jal6y","refType":"frsDocument"}]}]