[{"@type":"mappingTemplate","id":"@1","name":"Cleanse_Mapping_Versioning","description":"Cleanse mapping","bundleVersion":"0","templateId":"@3","deployTime":1598593536000,"hasParameters":false,"valid":true,"fixedConnection":true,"hasParametersDeployed":false,"fixedConnectionDeployed":true,"tasks":0,"mappingPreviewFileRecordId":"@2","documentType":"","references":[{"@type":"reference","refObjectId":"@6vDiXoQlzJGb2LtDtbRLmu","refType":"frsDocument"},{"@type":"reference","refObjectId":"@3Dh8XlTaootjGKEGHIyVKO","refType":"connection"},{"@type":"reference","refObjectId":"@9XzL1Hma6SejXSVdFkFM0X","refType":"connection"}]}]