[{"@type":"mappingTemplate","id":"@1","name":"Cleanse_Mapping_Versioning","description":"","bundleVersion":"0","templateId":"@3","deployTime":1594537670000,"hasParameters":false,"valid":true,"fixedConnection":true,"hasParametersDeployed":false,"fixedConnectionDeployed":true,"tasks":0,"mappingPreviewFileRecordId":"@2","documentType":"","references":[{"@type":"reference","refObjectId":"@8rSktKCzoURlbxej7zhUWX","refType":"connection"},{"@type":"reference","refObjectId":"@aHgcvNwPNNDg5TouqTIn8z","refType":"connection"},{"@type":"reference","refObjectId":"@awsHaoHig1Yb0fNuhp9Fss","refType":"frsDocument"}]}]