[{"@type":"mappingTemplate","id":"@1","name":"Mapping_Parse_PreBuiltUDP_BuiltInRegEx","description":"PreBuiltParseWithUDP_BuiltInRegEx","bundleVersion":"0","templateId":"@3","deployTime":1602573125000,"hasParameters":false,"valid":true,"fixedConnection":true,"hasParametersDeployed":false,"fixedConnectionDeployed":true,"tasks":0,"mappingPreviewFileRecordId":"@2","documentType":"MAPPING","references":[{"@type":"reference","refObjectId":"@3wu3v2hWwwTbdj8GWd9a2Y","refType":"connection"},{"@type":"reference","refObjectId":"@4BxGRYarEuLhqjS5gBYG87","refType":"frsDocument"},{"@type":"reference","refObjectId":"@7ef1iLOTqcEd8OhOnTc1yP","refType":"frsDocument"},{"@type":"reference","refObjectId":"@hF6kl2btbM2e2VTgENdfyH","refType":"connection"}]}]