[{"@type":"mappingTemplate","id":"@1","name":"Cleanse_Mapping_Versioning_2","description":"A simpleMapping Using Cleanse","bundleVersion":"0","templateId":"@3","deployTime":1597746374000,"hasParameters":false,"valid":true,"fixedConnection":true,"hasParametersDeployed":false,"fixedConnectionDeployed":true,"tasks":0,"mappingPreviewFileRecordId":"@2","documentType":"","references":[{"@type":"reference","refObjectId":"@9cSK2TIyxQuf3y2p25ENa1","refType":"connection"},{"@type":"reference","refObjectId":"@8oLHWZXWwDteBDqTq7rR6p","refType":"connection"},{"@type":"reference","refObjectId":"@hZxY37iCYOfccsQBNdOEOZ","refType":"frsDocument"}]}]