[{"@type":"mappingTemplate","id":"@1","name":"Parse_Mapping_Versioning","description":"test description","bundleVersion":"0","templateId":"@3","deployTime":1597813213000,"hasParameters":false,"valid":true,"fixedConnection":true,"hasParametersDeployed":false,"fixedConnectionDeployed":true,"tasks":0,"mappingPreviewFileRecordId":"@2","documentType":"","references":[{"@type":"reference","refObjectId":"@3wu3v2hWwwTbdj8GWd9a2Y","refType":"connection"},{"@type":"reference","refObjectId":"@1Az8NMKRgX3kTn4zn3uQ0I","refType":"frsDocument"},{"@type":"reference","refObjectId":"@hF6kl2btbM2e2VTgENdfyH","refType":"connection"}]}]