[{"@type":"mappingTemplate","id":"@1","name":"Parse_Mapping_Versioning_2","description":"","bundleVersion":"0","templateId":"@3","deployTime":1597746372000,"hasParameters":false,"valid":true,"fixedConnection":true,"hasParametersDeployed":false,"fixedConnectionDeployed":true,"tasks":0,"mappingPreviewFileRecordId":"@2","documentType":"","references":[{"@type":"reference","refObjectId":"@95hpUQI2XaFf0LBMn09SA8","refType":"frsDocument"},{"@type":"reference","refObjectId":"@6LJijk42LQKfZKqkU3gzSu","refType":"connection"},{"@type":"reference","refObjectId":"@jVfNkOOZGelji1Rb4OA34a","refType":"connection"}]}]