[{"@type":"mappingTemplate","id":"@1","name":"Mapping_Parse_CMD","description":"","bundleVersion":"0","templateId":"@3","deployTime":1583925916000,"hasParameters":false,"valid":true,"fixedConnection":true,"hasParametersDeployed":false,"fixedConnectionDeployed":true,"tasks":0,"mappingPreviewFileRecordId":"@2","documentType":"","references":[{"@type":"reference","refObjectId":"@6p6QP8x5sGSehAr3vKwn4I","refType":"connection"},{"@type":"reference","refObjectId":"@c1hdzpACuevdpW7xmIdSaf","refType":"connection"},{"@type":"reference","refObjectId":"@kKKqwLAcmCFczeQAS6mGaC","refType":"frsDocument"}]}]