[{"@type":"mappingTemplate","id":"@1","name":"cleanse_TC003","description":"A simpleMapping Using Cleanse","bundleVersion":"0","templateId":"@3","deployTime":1569584395000,"hasParameters":false,"valid":false,"fixedConnection":true,"hasParametersDeployed":false,"fixedConnectionDeployed":true,"tasks":0,"mappingPreviewFileRecordId":"@2","documentType":"","references":[{"@type":"reference","refObjectId":"@aoNmNpIBJAIjThpbAZxEMg","refType":"connection"},{"@type":"reference","refObjectId":"@30m6Kw3pUzHkcDIQeU4PON","refType":"connection"},{"@type":"reference","refObjectId":"@8YeAoisIvBjduaR6fTyUc0","refType":"frsDocument"}]}]