[{"@type":"mappingTemplate","id":"@1","name":"Rule_Specification_Mapping_Versioning_2","description":"A simple mapping using rule specification","bundleVersion":"0","templateId":"@3","deployTime":1600932124000,"hasParameters":false,"valid":true,"fixedConnection":true,"hasParametersDeployed":false,"fixedConnectionDeployed":true,"tasks":0,"mappingPreviewFileRecordId":"@2","documentType":"","references":[{"@type":"reference","refObjectId":"@3G4FIdgKrKXjEh9TibUTcw","refType":"frsDocument"},{"@type":"reference","refObjectId":"@8I7opvkDCGmhOpovgrrrq6","refType":"connection"},{"@type":"reference","refObjectId":"@9EYadlo7g5pjSSZfstZbKu","refType":"connection"}]}]