[{"@type":"mappingTemplate","id":"@1","name":"MappingParse","description":"","bundleVersion":"0","templateId":"@2","hasParameters":false,"valid":true,"fixedConnection":true,"hasParametersDeployed":false,"fixedConnectionDeployed":false,"tasks":0,"documentType":"","references":[{"@type":"reference","refObjectId":"@3wu3v2hWwwTbdj8GWd9a2Y","refType":"connection"},{"@type":"reference","refObjectId":"@9m51ZaxpHHtdRkSsfIvjyp","refType":"frsDocument"},{"@type":"reference","refObjectId":"@2L9IKooAl3Ul6vjfIe7rUl","refType":"frsDocument"},{"@type":"reference","refObjectId":"@hF6kl2btbM2e2VTgENdfyH","refType":"connection"}]}]