[{"@type":"mappingTemplate","id":"@1","name":"Cleanse_Mapping_Versioning_Renamed","description":"Cleanse mapping","bundleVersion":"0","templateId":"@3","deployTime":1600926967000,"hasParameters":false,"valid":true,"fixedConnection":true,"hasParametersDeployed":false,"fixedConnectionDeployed":true,"tasks":0,"mappingPreviewFileRecordId":"@2","documentType":"","references":[{"@type":"reference","refObjectId":"@8rSktKCzoURlbxej7zhUWX","refType":"connection"},{"@type":"reference","refObjectId":"@aHgcvNwPNNDg5TouqTIn8z","refType":"connection"}]}]