[{"@type":"mappingTemplate","id":"@1","name":"cleanse_TC024","description":"A simpleMapping Using Cleanse","bundleVersion":"0","templateId":"@3","deployTime":1584363909000,"hasParameters":false,"valid":true,"fixedConnection":true,"hasParametersDeployed":false,"fixedConnectionDeployed":true,"tasks":0,"mappingPreviewFileRecordId":"@2","documentType":"","references":[{"@type":"reference","refObjectId":"@avjS7XbSnOmgDgKCx8YcSZ","refType":"frsDocument"},{"@type":"reference","refObjectId":"@aZc8AR6lSRgeguBOiPpC0O","refType":"connection"},{"@type":"reference","refObjectId":"@7iE08SB3w0XbRsyqFggkCH","refType":"connection"}]}]