[{"@type":"mappingTemplate","id":"@1","name":"m_TC001","description":"A simpleMapping Using RuleSpecification","bundleVersion":"0","templateId":"@3","hasParameters":false,"valid":true,"fixedConnection":true,"hasParametersDeployed":false,"fixedConnectionDeployed":false,"tasks":0,"mappingPreviewFileRecordId":"@2","documentType":"","references":[{"@type":"reference","refObjectId":"@bcuwfVRo8MRlU4Gw7VegsE","refType":"connection"},{"@type":"reference","refObjectId":"@6HO8TBxEYGbjE19BHW9hc0","refType":"connection"},{"@type":"reference","refObjectId":"@5AIPpUr7TJigpyqOa9uLSb","refType":"frsDocument"}]}]