[{"@type":"mappingTemplate","id":"@1","name":"Mapping_parse_with_Dictionary_CMD","description":"A Mapping for modification of dict content","bundleVersion":"0","templateId":"@3","deployTime":1584001744000,"hasParameters":false,"valid":true,"fixedConnection":true,"hasParametersDeployed":false,"fixedConnectionDeployed":true,"tasks":0,"mappingPreviewFileRecordId":"@2","documentType":"","references":[{"@type":"reference","refObjectId":"@b5Kd7Z2inWokj6PdxpWRoO","refType":"connection"},{"@type":"reference","refObjectId":"@ae6YiN45CqeebQHaqi23ei","refType":"frsDocument"},{"@type":"reference","refObjectId":"@kUjL3WakZWykl1SIHFRLap","refType":"connection"}]}]