[{"@type":"mappingTemplate","id":"@1","name":"Parse_Mapping_Versioning _1","description":"test description","bundleVersion":"0","templateId":"@3","hasParameters":false,"valid":false,"fixedConnection":true,"hasParametersDeployed":false,"fixedConnectionDeployed":false,"tasks":0,"mappingPreviewFileRecordId":"@2","documentType":"","references":[{"@type":"reference","refObjectId":"@3wu3v2hWwwTbdj8GWd9a2Y","refType":"connection"},{"@type":"reference","refObjectId":"@hF6kl2btbM2e2VTgENdfyH","refType":"connection"},{"@type":"reference","refObjectId":"@2L9IKooAl3Ul6vjfIe7rUl","refType":"frsDocument"}]}]