[{"@type":"mappingTemplate","id":"@1","name":"m_open_parse_asset","description":"","bundleVersion":"0","templateId":"@3","deployTime":1583995481000,"hasParameters":false,"valid":true,"fixedConnection":true,"hasParametersDeployed":false,"fixedConnectionDeployed":true,"tasks":0,"mappingPreviewFileRecordId":"@2","documentType":"","references":[{"@type":"reference","refObjectId":"@b5Kd7Z2inWokj6PdxpWRoO","refType":"connection"},{"@type":"reference","refObjectId":"@3TllV5CF301dFOQLluMWgg","refType":"frsDocument"},{"@type":"reference","refObjectId":"@kUjL3WakZWykl1SIHFRLap","refType":"connection"}]}]