[{"@type":"mappingTemplate","id":"@1","name":"Cleanse_TC010","description":"A simpleMapping Using Cleanse","bundleVersion":"0","templateId":"@3","deployTime":1584362820000,"hasParameters":false,"valid":true,"fixedConnection":true,"hasParametersDeployed":false,"fixedConnectionDeployed":true,"tasks":0,"mappingPreviewFileRecordId":"@2","documentType":"","references":[{"@type":"reference","refObjectId":"@aZc8AR6lSRgeguBOiPpC0O","refType":"connection"},{"@type":"reference","refObjectId":"@7iE08SB3w0XbRsyqFggkCH","refType":"connection"},{"@type":"reference","refObjectId":"@0nZ05bngI2cf9MLTmg5b4S","refType":"frsDocument"}]}]