[{"@type":"mappingTemplate","id":"@1","name":"Mapping3","description":"","bundleVersion":"0","templateId":"@3","hasParameters":false,"valid":true,"fixedConnection":true,"hasParametersDeployed":false,"fixedConnectionDeployed":false,"tasks":0,"mappingPreviewFileRecordId":"@2","documentType":"","references":[{"@type":"reference","refObjectId":"@96OkGFfmqKFhzGq6hzD3kU","refType":"connection"},{"@type":"reference","refObjectId":"@jrdJlBIgTaHlVIXMgAmbuT","refType":"frsDocument"},{"@type":"reference","refObjectId":"@2uxGbp0EBV1lPIdjotfPqj","refType":"connection"}]}]