[{"@type":"mappingTemplate","id":"@1","name":"Mapping1","description":"","bundleVersion":"0","templateId":"@3","deployTime":1569925670000,"hasParameters":false,"valid":true,"fixedConnection":true,"hasParametersDeployed":false,"fixedConnectionDeployed":true,"tasks":0,"mappingPreviewFileRecordId":"@2","documentType":"","references":[{"@type":"reference","refObjectId":"@0gOrABl0r4bfQu3Z1JRek4","refType":"connection"},{"@type":"reference","refObjectId":"@5WTgrrro36zcReEFw1FbY3","refType":"connection"},{"@type":"reference","refObjectId":"@cd3NHdTcDSHjT72BKKLiGA","refType":"frsDocument"}]}]