[{"@type":"mappingTemplate","id":"@1","name":"Mapping4","description":"","bundleVersion":"0","templateId":"@3","deployTime":1583926181000,"hasParameters":false,"valid":true,"fixedConnection":true,"hasParametersDeployed":false,"fixedConnectionDeployed":true,"tasks":0,"mappingPreviewFileRecordId":"@2","documentType":"","references":[{"@type":"reference","refObjectId":"@6fnImjhbgdRi23Om7R47wG","refType":"connection"},{"@type":"reference","refObjectId":"@7lWOxFG7NogiM1SSiCpt6f","refType":"connection"},{"@type":"reference","refObjectId":"@0WbUR4O3hf6fXjsE8IWjyL","refType":"frsDocument"}]}]