[{"@type":"mappingTemplate","id":"@1","name":"Mapping_Parse_PreBuiltUDP_BuiltInRegEx","description":"PreBuiltParseWithUDP_BuiltInRegEx","bundleVersion":"0","templateId":"@3","deployTime":1602573185000,"hasParameters":false,"valid":true,"fixedConnection":true,"hasParametersDeployed":false,"fixedConnectionDeployed":true,"tasks":0,"mappingPreviewFileRecordId":"@2","documentType":"MAPPING","references":[{"@type":"reference","refObjectId":"@3wu3v2hWwwTbdj8GWd9a2Y","refType":"connection"},{"@type":"reference","refObjectId":"@2EZLC6SxReXjdixHi0ps0k","refType":"frsDocument"},{"@type":"reference","refObjectId":"@gl46K26JWoeilYdxnayDu3","refType":"frsDocument"},{"@type":"reference","refObjectId":"@hF6kl2btbM2e2VTgENdfyH","refType":"connection"}]}]