[{"@type":"mappingTemplate","id":"@1","name":"Deduplicate_Mapping_Versioning","description":"","bundleVersion":"0","templateId":"@3","deployTime":1595394733000,"hasParameters":false,"valid":true,"fixedConnection":true,"hasParametersDeployed":false,"fixedConnectionDeployed":true,"tasks":0,"mappingPreviewFileRecordId":"@2","documentType":"","references":[{"@type":"reference","refObjectId":"@96OkGFfmqKFhzGq6hzD3kU","refType":"connection"},{"@type":"reference","refObjectId":"@2uxGbp0EBV1lPIdjotfPqj","refType":"connection"},{"@type":"reference","refObjectId":"@88IublPKFaViq5T58P13cY","refType":"frsDocument"}]}]