[{"@type":"mappingTemplate","id":"@1","name":"Deduplicate_Mapping_Versioning","description":"Dedupe mapping","bundleVersion":"0","templateId":"@3","deployTime":1598593536000,"hasParameters":false,"valid":true,"fixedConnection":true,"hasParametersDeployed":false,"fixedConnectionDeployed":true,"tasks":0,"mappingPreviewFileRecordId":"@2","documentType":"","references":[{"@type":"reference","refObjectId":"@4DUBefJ8K1BlUzcupuzxAl","refType":"frsDocument"},{"@type":"reference","refObjectId":"@4ldlSNS7WhVdBQUuvPSJOa","refType":"connection"},{"@type":"reference","refObjectId":"@cLFjKQmcPOgkWMDm3mTTWA","refType":"connection"}]}]